Use ClinicaAltaPerformance;

-- Morada das clínicas
INSERT INTO ClinicaAltaPerformance.Morada (idMorada,endereço,localidade) VALUES (1,'Rua D.Afonso Henriques nº24','Lisboa');
INSERT INTO ClinicaAltaPerformance.Morada (idMorada,endereço,localidade) VALUES (2,'Rua dos Pilares nº40','Braga');
INSERT INTO ClinicaAltaPerformance.Morada (idMorada,endereço,localidade) VALUES (3,'Rua da Imaculada nº3','Porto');

-- Morada dos Atletas
INSERT INTO ClinicaAltaPerformance.Morada (idMorada,endereço,localidade) VALUES (4,'Rua Padre Andrade nº35','Bragança');
INSERT INTO ClinicaAltaPerformance.Morada (idMorada,endereço,localidade) VALUES (5,'Rua D.Joao nº220','Esposende');
INSERT INTO ClinicaAltaPerformance.Morada (idMorada,endereço,localidade) VALUES (6,'Rua Santo Antonio nº7','Algarve');
INSERT INTO ClinicaAltaPerformance.Morada (idMorada,endereço,localidade) VALUES (7,'Rua Frei Luis nº133','Lisboa');
INSERT INTO ClinicaAltaPerformance.Morada (idMorada,endereço,localidade) VALUES (8,'Rua dos Sete Andares nº1024','Coimbra');
INSERT INTO ClinicaAltaPerformance.Morada (idMorada,endereço,localidade) VALUES (9,'Rua dos Leoes nº2','Lisboa');
INSERT INTO ClinicaAltaPerformance.Morada (idMorada,endereço,localidade) VALUES (10,'Rua da Antiga Sociedade nº29','Lisboa');
INSERT INTO ClinicaAltaPerformance.Morada (idMorada,endereço,localidade) VALUES (11,'Rua do Museu dos Congros nº44','Portimao');
INSERT INTO ClinicaAltaPerformance.Morada (idMorada,endereço,localidade) VALUES (12,'Rua do Almada nº339','Porto');
INSERT INTO ClinicaAltaPerformance.Morada (idMorada,endereço,localidade) VALUES (13,'Rua de Costa Cabral nº279','Porto');
INSERT INTO ClinicaAltaPerformance.Morada (idMorada,endereço,localidade) VALUES (14,'Rua da Prata nº340','Lisboa');
INSERT INTO ClinicaAltaPerformance.Morada (idMorada,endereço,localidade) VALUES (15,'Rua dos Moradores do Pascal nº75','Leiria');
INSERT INTO ClinicaAltaPerformance.Morada (idMorada,endereço,localidade) VALUES (16,'Rua da Moderna História de Portugal nº42','Porto');
INSERT INTO ClinicaAltaPerformance.Morada (idMorada,endereço,localidade) VALUES (17,'Rua do Loureiro nº62','Regua');
INSERT INTO ClinicaAltaPerformance.Morada (idMorada,endereço,localidade) VALUES (18,'Rua Nova de S.Jumil nº165','Viana do Castelo');
INSERT INTO ClinicaAltaPerformance.Morada (idMorada,endereço,localidade) VALUES (19,'Rua D.Jose I nº34','Braga');
INSERT INTO ClinicaAltaPerformance.Morada (idMorada,endereço,localidade) VALUES (20,'Rua de São Mamede','Lisboa');
INSERT INTO ClinicaAltaPerformance.Morada (idMorada,endereço,localidade) VALUES (21,'Rua Caetano de Oliveira nº22','Portalegre');
INSERT INTO ClinicaAltaPerformance.Morada (idMorada,endereço,localidade) VALUES (22,'Rua Latino Coelho nº72','Lisboa');
INSERT INTO ClinicaAltaPerformance.Morada (idMorada,endereço,localidade) VALUES (23,'Rua Santos Minho nº65','Lisboa');
INSERT INTO ClinicaAltaPerformance.Morada (idMorada,endereço,localidade) VALUES (24,'Rua Primeiro de Maio nº349','Porto');
INSERT INTO ClinicaAltaPerformance.Morada (idMorada,endereço,localidade) VALUES (25,'Rua da Carreira nº91','Braga');
INSERT INTO ClinicaAltaPerformance.Morada (idMorada,endereço,localidade) VALUES (26,'Rua ddas Aranhas nº82','Fatima');
INSERT INTO ClinicaAltaPerformance.Morada (idMorada,endereço,localidade) VALUES (27,'Rua dos Netos nº445','Portimao');
INSERT INTO ClinicaAltaPerformance.Morada (idMorada,endereço,localidade) VALUES (28,'Rua Dr.Fernao de Ornelas nº245','Viana do Castelo');
INSERT INTO ClinicaAltaPerformance.Morada (idMorada,endereço,localidade) VALUES (29,'Rua do Rosario nº256','Porto');
INSERT INTO ClinicaAltaPerformance.Morada (idMorada,endereço,localidade) VALUES (30,'Rua das Taipas nº320','Santarem');
INSERT INTO ClinicaAltaPerformance.Morada (idMorada,endereço,localidade) VALUES (31,'Rua da Esperanca nº56','Leiria');
INSERT INTO ClinicaAltaPerformance.Morada (idMorada,endereço,localidade) VALUES (32,'Rua da Pereira nº243','Esposende');
INSERT INTO ClinicaAltaPerformance.Morada (idMorada,endereço,localidade) VALUES (33,'Rua do Moinho nº26','Braga');
INSERT INTO ClinicaAltaPerformance.Morada (idMorada,endereço,localidade) VALUES (34,'Rua do Outeiro nº561','Viana do Castelo');


-- Morada dos médicos 
INSERT INTO ClinicaAltaPerformance.Morada (idMorada,endereço,localidade) VALUES (35,'Rua do Carmo nº65','Lisboa');
INSERT INTO ClinicaAltaPerformance.Morada (idMorada,endereço,localidade) VALUES (36,'Rua dos Fanqueiros nº400','Braga');
INSERT INTO ClinicaAltaPerformance.Morada (idMorada,endereço,localidade) VALUES (37,'Rua da Madalena nº302','Porto');
INSERT INTO ClinicaAltaPerformance.Morada (idMorada,endereço,localidade) VALUES (38,'Rua da Oliveira ao Carmo nº359','Lisboa');
INSERT INTO ClinicaAltaPerformance.Morada (idMorada,endereço,localidade) VALUES (39,'Rua Ferreira Lapa nº221','Braga');
INSERT INTO ClinicaAltaPerformance.Morada (idMorada,endereço,localidade) VALUES (40,'Rua do Salitre nº74','Porto');
INSERT INTO ClinicaAltaPerformance.Morada (idMorada,endereço,localidade) VALUES (41,'Rua Garrett nº3','Lisboa');
INSERT INTO ClinicaAltaPerformance.Morada (idMorada,endereço,localidade) VALUES (42,'Rua de São Juliao nº124','Braga');
INSERT INTO ClinicaAltaPerformance.Morada (idMorada,endereço,localidade) VALUES (43,'Rua da Betesga nº27','Porto');
INSERT INTO ClinicaAltaPerformance.Morada (idMorada,endereço,localidade) VALUES (44,'Rua Cidade de Bolama nº621','Lisboa');
INSERT INTO ClinicaAltaPerformance.Morada (idMorada,endereço,localidade) VALUES (45,'Rua do Guarda Mor nº442','Braga');
INSERT INTO ClinicaAltaPerformance.Morada (idMorada,endereço,localidade) VALUES (46,'Rua do Comercio nº33','Porto');
INSERT INTO ClinicaAltaPerformance.Morada (idMorada,endereço,localidade) VALUES (47,'Rua General Morais Sarmento nº89','Lisboa');
INSERT INTO ClinicaAltaPerformance.Morada (idMorada,endereço,localidade) VALUES (48,'Rua da Bainharia nº40','Braga');
INSERT INTO ClinicaAltaPerformance.Morada (idMorada,endereço,localidade) VALUES (49,'Rua dos Clerigos nº88','Porto');

-- Atletas
INSERT INTO ClinicaAltaPerformance.Atleta (idAtleta,nome,dataNascimento,sexo,morada) VALUES (1,'Paulo Silva','1992-12-13','M',4);
INSERT INTO ClinicaAltaPerformance.Atleta (idAtleta,nome,dataNascimento,sexo,morada) VALUES (2,'Mariana Ribeiro','1998-11-17','F',7);
INSERT INTO ClinicaAltaPerformance.Atleta (idAtleta,nome,dataNascimento,sexo,morada) VALUES (3,'Beatriz Costa','1999-12-04','F',20);
INSERT INTO ClinicaAltaPerformance.Atleta (idAtleta,nome,dataNascimento,sexo,morada) VALUES (4,'Rui Alves','1998-11-19','M',13);
INSERT INTO ClinicaAltaPerformance.Atleta (idAtleta,nome,dataNascimento,sexo,morada) VALUES (5,'Carla Ribeiro','1998-07-12','F',10);
INSERT INTO ClinicaAltaPerformance.Atleta (idAtleta,nome,dataNascimento,sexo,morada) VALUES (6,'Paula Cardoso','2003-07-21','F',9);
INSERT INTO ClinicaAltaPerformance.Atleta (idAtleta,nome,dataNascimento,sexo,morada) VALUES (7,'Margarida Soares','1994-07-05','F',19);
INSERT INTO ClinicaAltaPerformance.Atleta (idAtleta,nome,dataNascimento,sexo,morada) VALUES (8,'Hugo Silva','2000-03-27','M',12);
INSERT INTO ClinicaAltaPerformance.Atleta (idAtleta,nome,dataNascimento,sexo,morada) VALUES (9,'António Ribeiro','1999-03-08','M',10);
INSERT INTO ClinicaAltaPerformance.Atleta (idAtleta,nome,dataNascimento,sexo,morada) VALUES (10,'Joana Pinto','1998-03-14','F',17);
INSERT INTO ClinicaAltaPerformance.Atleta (idAtleta,nome,dataNascimento,sexo,morada) VALUES (11,'João Camões','1997-10-08','M',14);
INSERT INTO ClinicaAltaPerformance.Atleta (idAtleta,nome,dataNascimento,sexo,morada) VALUES (12,'Carlos Sá','2001-12-07','M',8);
INSERT INTO ClinicaAltaPerformance.Atleta (idAtleta,nome,dataNascimento,sexo,morada) VALUES (13,'Joana Guimarães','1993-01-10','F',18);
INSERT INTO ClinicaAltaPerformance.Atleta (idAtleta,nome,dataNascimento,sexo,morada) VALUES (14,'Rita Azevedo','1992-06-03','F',15);
INSERT INTO ClinicaAltaPerformance.Atleta (idAtleta,nome,dataNascimento,sexo,morada) VALUES (15,'Carlos Costa','2003-05-15','M',20);
INSERT INTO ClinicaAltaPerformance.Atleta (idAtleta,nome,dataNascimento,sexo,morada) VALUES (16,'Ricardo Silva','1997-01-19','M',16);
INSERT INTO ClinicaAltaPerformance.Atleta (idAtleta,nome,dataNascimento,sexo,morada) VALUES (17,'Rui Ramos','1993-02-25','M',6);
INSERT INTO ClinicaAltaPerformance.Atleta (idAtleta,nome,dataNascimento,sexo,morada) VALUES (18,'Catarina Neves','1992-07-13','F',32);
INSERT INTO ClinicaAltaPerformance.Atleta (idAtleta,nome,dataNascimento,sexo,morada) VALUES (19,'Marta Oliveira','1993-06-04','F',12);
INSERT INTO ClinicaAltaPerformance.Atleta (idAtleta,nome,dataNascimento,sexo,morada) VALUES (20,'Gil Fernandes','2003-06-22','M',5);
INSERT INTO ClinicaAltaPerformance.Atleta (idAtleta,nome,dataNascimento,sexo,morada) VALUES (21,'Rodrigo Pinheiro','1999-02-14','M',24);
INSERT INTO ClinicaAltaPerformance.Atleta (idAtleta,nome,dataNascimento,sexo,morada) VALUES (22,'João Oliveira','1999-03-08','M',22);
INSERT INTO ClinicaAltaPerformance.Atleta (idAtleta,nome,dataNascimento,sexo,morada) VALUES (23,'Ruben Mota','1999-11-07','M',21);
INSERT INTO ClinicaAltaPerformance.Atleta (idAtleta,nome,dataNascimento,sexo,morada) VALUES (24,'Rafaela Paz','1992-02-10','F',29);
INSERT INTO ClinicaAltaPerformance.Atleta (idAtleta,nome,dataNascimento,sexo,morada) VALUES (25,'Luisa Silva','1993-03-03','F',30);
INSERT INTO ClinicaAltaPerformance.Atleta (idAtleta,nome,dataNascimento,sexo,morada) VALUES (26,'Gustavo Oliveira','2001-08-05','M',34);
INSERT INTO ClinicaAltaPerformance.Atleta (idAtleta,nome,dataNascimento,sexo,morada) VALUES (27,'Raul Martins','1995-08-09','M',23);
INSERT INTO ClinicaAltaPerformance.Atleta (idAtleta,nome,dataNascimento,sexo,morada) VALUES (28,'Samuel Prata','1993-07-26','M',31);
INSERT INTO ClinicaAltaPerformance.Atleta (idAtleta,nome,dataNascimento,sexo,morada) VALUES (29,'Silvia Braz','1993-07-23','F',25);
INSERT INTO ClinicaAltaPerformance.Atleta (idAtleta,nome,dataNascimento,sexo,morada) VALUES (30,'Daniela dos Santos','1994-09-30','F',11);
INSERT INTO ClinicaAltaPerformance.Atleta (idAtleta,nome,dataNascimento,sexo,morada) VALUES (31,'Filipa Alves','2004-06-12','F',27);
INSERT INTO ClinicaAltaPerformance.Atleta (idAtleta,nome,dataNascimento,sexo,morada) VALUES (32,'João dos Santos','1999-03-31','M',11);
INSERT INTO ClinicaAltaPerformance.Atleta (idAtleta,nome,dataNascimento,sexo,morada) VALUES (33,'Tomás Pereira','1992-10-17','M',32);
INSERT INTO ClinicaAltaPerformance.Atleta (idAtleta,nome,dataNascimento,sexo,morada) VALUES (34,'Telma Monteiro','1997-06-13','F',28);
INSERT INTO ClinicaAltaPerformance.Atleta (idAtleta,nome,dataNascimento,sexo,morada) VALUES (35,'Nicole Pinho','1999-06-07','F',33);


-- Clinicas
INSERT INTO ClinicaAltaPerformance.Clinica (idClinica,nome,morada) VALUES (2,'Clinica Alta Performance Lisboa',1);
INSERT INTO ClinicaAltaPerformance.Clinica (idClinica,nome,morada) VALUES (3,'Clinica Alta Performance Braga',2);
INSERT INTO ClinicaAltaPerformance.Clinica (idClinica,nome,morada) VALUES (1,'Clinica Alta Performance Porto',3);

-- Médicos
-- LISBOA

INSERT INTO ClinicaAltaPerformance.Medico (idMedico,nome,dataInicioServico,dataNascimento,especialidade,idChefe,idClinica,morada) VALUES
(1,'João Correia', '1992-04-12', '1966-05-02','Cardiologia',1,1,35);
INSERT INTO ClinicaAltaPerformance.Medico (idMedico,nome,dataInicioServico,dataNascimento,especialidade,idChefe,idClinica,morada) VALUES
(2,'Tiago Ferreira', '1996-12-19', '1971-04-04','Analises Clinicas',1,1,39);
INSERT INTO ClinicaAltaPerformance.Medico (idMedico,nome,dataInicioServico,dataNascimento,especialidade,idChefe,idClinica,morada) VALUES
(3,'Cristina Mota', '1995-07-15', '1974-09-08','Analises Clinicas',1,1,41);
INSERT INTO ClinicaAltaPerformance.Medico (idMedico,nome,dataInicioServico,dataNascimento,especialidade,idChefe,idClinica,morada) VALUES
(4,'Raquel Fonseca', '1996-10-02', '1970-09-17','Oftamologia',1,1,44);
INSERT INTO ClinicaAltaPerformance.Medico (idMedico,nome,dataInicioServico,dataNascimento,especialidade,idChefe,idClinica,morada) VALUES
(5,'Ricardo Reis', '1995-02-25', '1968-05-21','Clinica Geral',1,1,47);

-- BRAGA
INSERT INTO ClinicaAltaPerformance.Medico (idMedico,nome,dataInicioServico,dataNascimento,especialidade,idChefe,idClinica,morada) VALUES
(6,'Alexandra Fonte', '1993-07-10', '1965-03-09','Cardiologia',6,2,36);
INSERT INTO ClinicaAltaPerformance.Medico (idMedico,nome,dataInicioServico,dataNascimento,especialidade,idChefe,idClinica,morada) VALUES
(7,'Rui Cunha', '1997-11-09', '1972-12-01','Analises Clinicas',6,2,39);
INSERT INTO ClinicaAltaPerformance.Medico (idMedico,nome,dataInicioServico,dataNascimento,especialidade,idChefe,idClinica,morada) VALUES
(8,'Tiago Azevedo', '1996-03-11', '1973-09-16','Analises Clinicas',6,2,42);
INSERT INTO ClinicaAltaPerformance.Medico (idMedico,nome,dataInicioServico,dataNascimento,especialidade,idChefe,idClinica,morada) VALUES
(9,'Rita Silva', '1994-11-22', '1971-08-08','Oftamologia',6,2,45);
INSERT INTO ClinicaAltaPerformance.Medico (idMedico,nome,dataInicioServico,dataNascimento,especialidade,idChefe,idClinica,morada) VALUES
(10,'Renato Mendes', '1997-04-21', '1970-06-24','Clinica Geral',6,2,48);

-- PORTO
INSERT INTO ClinicaAltaPerformance.Medico (idMedico,nome,dataInicioServico,dataNascimento,especialidade,idChefe,idClinica,morada) VALUES
(11,'Diogo Neves', '1991-02-24', '1965-06-29','Cardiologia',11,3,37);
INSERT INTO ClinicaAltaPerformance.Medico (idMedico,nome,dataInicioServico,dataNascimento,especialidade,idChefe,idClinica,morada) VALUES
(12,'Gustavo Santos', '1995-11-12', '1970-03-30','Analises Clinicas',11,3,40);
INSERT INTO ClinicaAltaPerformance.Medico (idMedico,nome,dataInicioServico,dataNascimento,especialidade,idChefe,idClinica,morada) VALUES
(13,'Manuel Barros', '1994-03-29', '1970-08-17','Analises Clinicas',11,3,43);
INSERT INTO ClinicaAltaPerformance.Medico (idMedico,nome,dataInicioServico,dataNascimento,especialidade,idChefe,idClinica,morada) VALUES
(14,'Catarina Tomás', '1994-11-03', '1968-05-10','Oftamologia',11,3,46);
INSERT INTO ClinicaAltaPerformance.Medico (idMedico,nome,dataInicioServico,dataNascimento,especialidade,idChefe,idClinica,morada) VALUES
(15,'Teresa Alves', '1998-12-04', '1971-06-22','Clinica Geral',11,3,49);

-- Contactos 
INSERT INTO ClinicaAltaPerformance.Contacto (idContacto,telefone,email,idAtleta) VALUES (1,937319002, 'paulo@gmail.com',1);
INSERT INTO ClinicaAltaPerformance.Contacto (idContacto,telefone,email,idAtleta) VALUES (2,22240671, 'paulosilva@gmail.com',1);
INSERT INTO ClinicaAltaPerformance.Contacto (idContacto,telefone,email,idAtleta) VALUES (3,917311232, 'marian@gmail.com',2);
INSERT INTO ClinicaAltaPerformance.Contacto (idContacto,telefone,email,idAtleta) VALUES (4,927001232, 'bea@gmail.com',3);
INSERT INTO ClinicaAltaPerformance.Contacto (idContacto,telefone,email,idAtleta) VALUES (5,926018248, 'beaaa@gmail.com',3);
INSERT INTO ClinicaAltaPerformance.Contacto (idContacto,telefone,email,idAtleta) VALUES (6,932366002, 'rruii@gmail.com',4);
INSERT INTO ClinicaAltaPerformance.Contacto (idContacto,telefone,email,idAtleta) VALUES (7,921749203, 'carl@gmail.com',5);
INSERT INTO ClinicaAltaPerformance.Contacto (idContacto,telefone,email,idAtleta) VALUES (8,938471100, 'paula@gmail.com',6);
INSERT INTO ClinicaAltaPerformance.Contacto (idContacto,telefone,email,idAtleta) VALUES (9,913334291, 'mags@gmail.com',7);
INSERT INTO ClinicaAltaPerformance.Contacto (idContacto,telefone,email,idAtleta) VALUES (10,229934244, 'maggss@gmail.com',7);
INSERT INTO ClinicaAltaPerformance.Contacto (idContacto,telefone,email,idAtleta) VALUES (11,918883454, 'hugo@gmail.com',8);
INSERT INTO ClinicaAltaPerformance.Contacto (idContacto,telefone,email,idAtleta) VALUES (12,912218586, 'antonio@gmail.com',9);
INSERT INTO ClinicaAltaPerformance.Contacto (idContacto,telefone,email,idAtleta) VALUES (13,929879871, 'joan@gmail.com',10);
INSERT INTO ClinicaAltaPerformance.Contacto (idContacto,telefone,email,idAtleta) VALUES (14,937786001, 'joao@gmail.com',11);
INSERT INTO ClinicaAltaPerformance.Contacto (idContacto,telefone,email,idAtleta) VALUES (15,923314987, 'carlossa@gmail.com',12);
INSERT INTO ClinicaAltaPerformance.Contacto (idContacto,telefone,email,idAtleta) VALUES (16,223143209, 'carlosss@gmail.com',12);
INSERT INTO ClinicaAltaPerformance.Contacto (idContacto,telefone,email,idAtleta) VALUES (17,932212218, 'joanag@gmail.com',13);
INSERT INTO ClinicaAltaPerformance.Contacto (idContacto,telefone,email,idAtleta) VALUES (18,911912762, 'ritaazev@gmail.com',14);
INSERT INTO ClinicaAltaPerformance.Contacto (idContacto,telefone,email,idAtleta) VALUES (19,925611210, 'rit@gmail.com',14);
INSERT INTO ClinicaAltaPerformance.Contacto (idContacto,telefone,email,idAtleta) VALUES (20,223120098, 'ritaazevedo@gmail.com',14);
INSERT INTO ClinicaAltaPerformance.Contacto (idContacto,telefone,email,idAtleta) VALUES (21,919982345, 'carlocarlos@gmail.com',15);
INSERT INTO ClinicaAltaPerformance.Contacto (idContacto,telefone,email,idAtleta) VALUES (22,927612909, 'ricardoo@gmail.com',16);
INSERT INTO ClinicaAltaPerformance.Contacto (idContacto,telefone,email,idAtleta) VALUES (23,917892231, 'ruiramos@gmail.com',17);
INSERT INTO ClinicaAltaPerformance.Contacto (idContacto,telefone,email,idAtleta) VALUES (24,931173002, 'catarinn@gmail.com',18);
INSERT INTO ClinicaAltaPerformance.Contacto (idContacto,telefone,email,idAtleta) VALUES (25,926563494, 'martaoliveira@gmail.com',19);
INSERT INTO ClinicaAltaPerformance.Contacto (idContacto,telefone,email,idAtleta) VALUES (26,931212998, 'gill@gmail.com',20);
INSERT INTO ClinicaAltaPerformance.Contacto (idContacto,telefone,email,idAtleta) VALUES (27,224532123, 'gilfernandes@gmail.com',20);
INSERT INTO ClinicaAltaPerformance.Contacto (idContacto,telefone,email,idAtleta) VALUES (28,935740023, 'rodrigop@gmail.com',21);
INSERT INTO ClinicaAltaPerformance.Contacto (idContacto,telefone,email,idAtleta) VALUES (29,920203440, 'joaooliveira@gmail.com',22);
INSERT INTO ClinicaAltaPerformance.Contacto (idContacto,telefone,email,idAtleta) VALUES (30,931200009, 'rubenmota@gmail.com',23);
INSERT INTO ClinicaAltaPerformance.Contacto (idContacto,telefone,email,idAtleta) VALUES (31,929981202, 'rafael@gmail.com',24);
INSERT INTO ClinicaAltaPerformance.Contacto (idContacto,telefone,email,idAtleta) VALUES (32,919926712, 'luisa@gmail.com',25);
INSERT INTO ClinicaAltaPerformance.Contacto (idContacto,telefone,email,idAtleta) VALUES (33,930912177, 'gustav@gmail.com',26);
INSERT INTO ClinicaAltaPerformance.Contacto (idContacto,telefone,email,idAtleta) VALUES (34,229923531, 'raul@gmail.com',27);
INSERT INTO ClinicaAltaPerformance.Contacto (idContacto,telefone,email,idAtleta) VALUES (35,932657766, 'samuelp@gmail.com',28);
INSERT INTO ClinicaAltaPerformance.Contacto (idContacto,telefone,email,idAtleta) VALUES (36,924024434, 'silvia@gmail.com',29);
INSERT INTO ClinicaAltaPerformance.Contacto (idContacto,telefone,email,idAtleta) VALUES (37,920039911, 'danielaa@gmail.com',30);
INSERT INTO ClinicaAltaPerformance.Contacto (idContacto,telefone,email,idAtleta) VALUES (38,911231005, 'pips@gmail.com',31);
INSERT INTO ClinicaAltaPerformance.Contacto (idContacto,telefone,email,idAtleta) VALUES (39,939821023, 'joaoo@gmail.com',32);
INSERT INTO ClinicaAltaPerformance.Contacto (idContacto,telefone,email,idAtleta) VALUES (40,923546282, 'tomass@gmail.com',33);
INSERT INTO ClinicaAltaPerformance.Contacto (idContacto,telefone,email,idAtleta) VALUES (41,910923423, 'telmam@gmail.com',34);
INSERT INTO ClinicaAltaPerformance.Contacto (idContacto,telefone,email,idAtleta) VALUES (42,927761230, 'nicolepinto@gmail.com',35);
INSERT INTO ClinicaAltaPerformance.Contacto (idContacto,telefone,email,idAtleta) VALUES (43,934540912, 'nicolep@gmail.com',35);

-- TESTES CLÍNICOS REALIZADOS 
-- LISBOA :DOPPING
INSERT INTO ClinicaAltaPerformance.TesteClinico (idTesteClinico,designacao,dataHora,preco,resultado,idMedico,idAtleta) VALUES 
(1,'Dopping','2019-12-12 15:30',5.0,'Negativo',2,22);
INSERT INTO ClinicaAltaPerformance.TesteClinico (idTesteClinico,designacao,dataHora,preco,resultado,idMedico,idAtleta) VALUES 
(2,'Dopping','2019-12-12 16:30',5.0,'Negativo',2,2);
INSERT INTO ClinicaAltaPerformance.TesteClinico (idTesteClinico,designacao,dataHora,preco,resultado,idMedico,idAtleta) VALUES 
(3,'Dopping','2019-12-12 16:30',5.0,'Negativo',3,3);
INSERT INTO ClinicaAltaPerformance.TesteClinico (idTesteClinico,designacao,dataHora,preco,resultado,idMedico,idAtleta) VALUES 
(4,'Dopping','2019-12-12 17:30',5.0,'Positivo',2,5);
INSERT INTO ClinicaAltaPerformance.TesteClinico (idTesteClinico,designacao,dataHora,preco,resultado,idMedico,idAtleta) VALUES 
(5,'Dopping','2019-12-12 17:30',5.0,'Negativo',3,6);
INSERT INTO ClinicaAltaPerformance.TesteClinico (idTesteClinico,designacao,dataHora,preco,resultado,idMedico,idAtleta) VALUES 
(6,'Dopping','2019-12-12 18:30',5.0,'Negativo',2,11);
INSERT INTO ClinicaAltaPerformance.TesteClinico (idTesteClinico,designacao,dataHora,preco,resultado,idMedico,idAtleta) VALUES 
(7,'Dopping','2019-06-12 09:30',5.0,'Negativo',2,22);
INSERT INTO ClinicaAltaPerformance.TesteClinico (idTesteClinico,designacao,dataHora,preco,resultado,idMedico,idAtleta) VALUES 
(8,'Dopping','2019-06-12 10:30',5.0,'Negativo',2,2);
INSERT INTO ClinicaAltaPerformance.TesteClinico (idTesteClinico,designacao,dataHora,preco,resultado,idMedico,idAtleta) VALUES 
(9,'Dopping','2019-06-12 10:30',5.0,'Negativo',3,3);
INSERT INTO ClinicaAltaPerformance.TesteClinico (idTesteClinico,designacao,dataHora,preco,resultado,idMedico,idAtleta) VALUES 
(10,'Dopping','2019-06-12 11:30',5.0,'Positivo',2,5);
INSERT INTO ClinicaAltaPerformance.TesteClinico (idTesteClinico,designacao,dataHora,preco,resultado,idMedico,idAtleta) VALUES 
(11,'Dopping','2019-06-12 11:30',5.0,'Negativo',3,6);
INSERT INTO ClinicaAltaPerformance.TesteClinico (idTesteClinico,designacao,dataHora,preco,resultado,idMedico,idAtleta) VALUES 
(12,'Dopping','2019-06-12 13:30',5.0,'Positivo',2,11);

-- BRAGA :DOPPING
INSERT INTO ClinicaAltaPerformance.TesteClinico (idTesteClinico,designacao,dataHora,preco,resultado,idMedico,idAtleta) VALUES 
(13,'Dopping','2019-12-14 16:30',5.0,'Negativo',7,1);
INSERT INTO ClinicaAltaPerformance.TesteClinico (idTesteClinico,designacao,dataHora,preco,resultado,idMedico,idAtleta) VALUES 
(14,'Dopping','2019-12-14 16:30',5.0,'Negativo',8,7);
INSERT INTO ClinicaAltaPerformance.TesteClinico (idTesteClinico,designacao,dataHora,preco,resultado,idMedico,idAtleta) VALUES 
(15,'Dopping','2019-12-14 17:30',5.0,'Positivo',7,12);
INSERT INTO ClinicaAltaPerformance.TesteClinico (idTesteClinico,designacao,dataHora,preco,resultado,idMedico,idAtleta) VALUES
(16,'Dopping','2019-12-14 17:30',5.0,'Positivo',8,29);
INSERT INTO ClinicaAltaPerformance.TesteClinico (idTesteClinico,designacao,dataHora,preco,resultado,idMedico,idAtleta) VALUES 
(17,'Dopping','2019-12-14 18:30',5.0,'Negativo',7,35);
INSERT INTO ClinicaAltaPerformance.TesteClinico (idTesteClinico,designacao,dataHora,preco,resultado,idMedico,idAtleta) VALUES 
(18,'Dopping','2019-12-14 19:30',5.0,'Negativo',7,13);
INSERT INTO ClinicaAltaPerformance.TesteClinico (idTesteClinico,designacao,dataHora,preco,resultado,idMedico,idAtleta) VALUES 
(19,'Dopping','2019-06-13 10:30',5.0,'Negativo',7,1);
INSERT INTO ClinicaAltaPerformance.TesteClinico (idTesteClinico,designacao,dataHora,preco,resultado,idMedico,idAtleta) VALUES 
(20,'Dopping','2019-06-13 10:30',5.0,'Positivo',8,7);
INSERT INTO ClinicaAltaPerformance.TesteClinico (idTesteClinico,designacao,dataHora,preco,resultado,idMedico,idAtleta) VALUES 
(21,'Dopping','2019-06-13 11:30',5.0,'Positivo',7,12);
INSERT INTO ClinicaAltaPerformance.TesteClinico (idTesteClinico,designacao,dataHora,preco,resultado,idMedico,idAtleta) VALUES 
(22,'Dopping','2019-06-13 11:30',5.0,'Negativo',8,29);
INSERT INTO ClinicaAltaPerformance.TesteClinico (idTesteClinico,designacao,dataHora,preco,resultado,idMedico,idAtleta) VALUES 
(23,'Dopping','2019-06-13 13:30',5.0,'Positivo',7,35);
INSERT INTO ClinicaAltaPerformance.TesteClinico (idTesteClinico,designacao,dataHora,preco,resultado,idMedico,idAtleta) VALUES 
(24,'Dopping','2019-06-13 14:30',5.0,'Negativo',7,13);

-- PORTO :DOPPING
INSERT INTO ClinicaAltaPerformance.TesteClinico (idTesteClinico,designacao,dataHora,preco,resultado,idMedico,idAtleta) VALUES 
(25,'Dopping','2019-12-16 16:30',5.0,'Negativo',12,4);
INSERT INTO ClinicaAltaPerformance.TesteClinico (idTesteClinico,designacao,dataHora,preco,resultado,idMedico,idAtleta) VALUES 
(26,'Dopping','2019-12-16 16:30',5.0,'Negativo',13,8);
INSERT INTO ClinicaAltaPerformance.TesteClinico (idTesteClinico,designacao,dataHora,preco,resultado,idMedico,idAtleta) VALUES 
(27,'Dopping','2019-12-16 17:30',5.0,'Positivo',12,16);
INSERT INTO ClinicaAltaPerformance.TesteClinico (idTesteClinico,designacao,dataHora,preco,resultado,idMedico,idAtleta) VALUES 
(28,'Dopping','2019-12-16 17:30',5.0,'Positivo',13,19);
INSERT INTO ClinicaAltaPerformance.TesteClinico (idTesteClinico,designacao,dataHora,preco,resultado,idMedico,idAtleta) VALUES 
(29,'Dopping','2019-12-16 18:30',5.0,'Negativo',12,21);
INSERT INTO ClinicaAltaPerformance.TesteClinico (idTesteClinico,designacao,dataHora,preco,resultado,idMedico,idAtleta) VALUES 
(30,'Dopping','2019-06-16 10:30',5.0,'Negativo',12,4);
INSERT INTO ClinicaAltaPerformance.TesteClinico (idTesteClinico,designacao,dataHora,preco,resultado,idMedico,idAtleta) VALUES 
(31,'Dopping','2019-06-16 10:30',5.0,'Positivo',13,8);
INSERT INTO ClinicaAltaPerformance.TesteClinico (idTesteClinico,designacao,dataHora,preco,resultado,idMedico,idAtleta) VALUES 
(32,'Dopping','2019-06-16 11:30',5.0,'Positivo',12,16);
INSERT INTO ClinicaAltaPerformance.TesteClinico (idTesteClinico,designacao,dataHora,preco,resultado,idMedico,idAtleta) VALUES 
(33,'Dopping','2019-06-16 11:30',5.0,'Negativo',13,19);
INSERT INTO ClinicaAltaPerformance.TesteClinico (idTesteClinico,designacao,dataHora,preco,resultado,idMedico,idAtleta) VALUES 
(34,'Dopping','2019-06-16 13:30',5.0,'Positivo',12,21);

-- BRAGA :PROVA ESFORCO
INSERT INTO ClinicaAltaPerformance.TesteClinico (idTesteClinico,designacao,dataHora,preco,resultado,idMedico,idAtleta) VALUES 
(35,'Prova_Esforco','2019-07-16 10:30',5.0,'Valores aceitáveis',10,7);
INSERT INTO ClinicaAltaPerformance.TesteClinico (idTesteClinico,designacao,dataHora,preco,resultado,idMedico,idAtleta) VALUES 
(36,'Prova_Esforco','2019-07-15 10:30',5.0,'Valores a controlar',10,18);
INSERT INTO ClinicaAltaPerformance.TesteClinico (idTesteClinico,designacao,dataHora,preco,resultado,idMedico,idAtleta) VALUES 
(37,'Prova_Esforco','2019-07-16 12:30',5.0,'Valores aceitáveis',10,29);
INSERT INTO ClinicaAltaPerformance.TesteClinico (idTesteClinico,designacao,dataHora,preco,resultado,idMedico,idAtleta) VALUES 
(38,'Prova_Esforco','2019-07-16 09:30',5.0,'Valores aceitáveis',10,26);
INSERT INTO ClinicaAltaPerformance.TesteClinico (idTesteClinico,designacao,dataHora,preco,resultado,idMedico,idAtleta) VALUES 
(39,'Prova_Esforco','2019-07-16 08:30',5.0,'Valores aceitáveis',10,20);
INSERT INTO ClinicaAltaPerformance.TesteClinico (idTesteClinico,designacao,dataHora,preco,resultado,idMedico,idAtleta) VALUES 
(40,'Prova_Esforco','2019-07-16 09:00',5.0,'Valores aceitáveis',10,13);
INSERT INTO ClinicaAltaPerformance.TesteClinico (idTesteClinico,designacao,dataHora,preco,resultado,idMedico,idAtleta) VALUES 

-- BRAGA :ANALISE SANGUINEA
(41,'Analise_sanguinea','2019-07-16 13:30',5.0,'Valores a controlar',7,7);
INSERT INTO ClinicaAltaPerformance.TesteClinico (idTesteClinico,designacao,dataHora,preco,resultado,idMedico,idAtleta) VALUES 
(42,'Analise_sanguinea','2019-07-15 13:30',5.0,'Valores a controlar',8,18);
INSERT INTO ClinicaAltaPerformance.TesteClinico (idTesteClinico,designacao,dataHora,preco,resultado,idMedico,idAtleta) VALUES 
(43,'Analise_sanguinea','2019-07-16 14:30',5.0,'Valores aceitáveis',7,29);
INSERT INTO ClinicaAltaPerformance.TesteClinico (idTesteClinico,designacao,dataHora,preco,resultado,idMedico,idAtleta) VALUES 
(44,'Analise_sanguinea','2019-07-16 15:30',5.0,'Valores aceitáveis',7,26);
INSERT INTO ClinicaAltaPerformance.TesteClinico (idTesteClinico,designacao,dataHora,preco,resultado,idMedico,idAtleta) VALUES 
(45,'Analise_sanguinea','2019-07-16 16:00',5.0,'Valores aceitáveis',7,20);
INSERT INTO ClinicaAltaPerformance.TesteClinico (idTesteClinico,designacao,dataHora,preco,resultado,idMedico,idAtleta) VALUES 
(46,'Analise_sanguinea','2019-07-17 16:30',5.0,'Valores aceitáveis',7,13);

-- LISBOA :PROVA ESFORCO
INSERT INTO ClinicaAltaPerformance.TesteClinico (idTesteClinico,designacao,dataHora,preco,resultado,idMedico,idAtleta) VALUES 
(47,'Prova_Esforco','2019-07-16 10:30',5.0,'Valores aceitáveis',5,9);
INSERT INTO ClinicaAltaPerformance.TesteClinico (idTesteClinico,designacao,dataHora,preco,resultado,idMedico,idAtleta) VALUES 
(48,'Prova_Esforco','2019-07-16 11:30',5.0,'Valores aceitáveis',5,11);
INSERT INTO ClinicaAltaPerformance.TesteClinico (idTesteClinico,designacao,dataHora,preco,resultado,idMedico,idAtleta) VALUES 
(49,'Prova_Esforco','2019-07-16 12:30',5.0,'Valores aceitáveis',5,14);
INSERT INTO ClinicaAltaPerformance.TesteClinico (idTesteClinico,designacao,dataHora,preco,resultado,idMedico,idAtleta) VALUES 
(50,'Prova_Esforco','2019-07-16 13:00',5.0,'Valores a controlar',5,15);
INSERT INTO ClinicaAltaPerformance.TesteClinico (idTesteClinico,designacao,dataHora,preco,resultado,idMedico,idAtleta) VALUES 
(51,'Prova_Esforco','2019-07-17 12:00',5.0,'Valores a controlar',5,25);
INSERT INTO ClinicaAltaPerformance.TesteClinico (idTesteClinico,designacao,dataHora,preco,resultado,idMedico,idAtleta) VALUES 
(52,'Prova_Esforco','2019-07-17 13:00',5.0,'Valores aceitáveis',5,27);
INSERT INTO ClinicaAltaPerformance.TesteClinico (idTesteClinico,designacao,dataHora,preco,resultado,idMedico,idAtleta) VALUES 
(53,'Prova_Esforco','2019-07-17 14:00',5.0,'Valores a controlar',5,28);
INSERT INTO ClinicaAltaPerformance.TesteClinico (idTesteClinico,designacao,dataHora,preco,resultado,idMedico,idAtleta) VALUES 
(54,'Prova_Esforco','2019-07-18 13:00',5.0,'Valores aceitáveis',5,30);
INSERT INTO ClinicaAltaPerformance.TesteClinico (idTesteClinico,designacao,dataHora,preco,resultado,idMedico,idAtleta) VALUES 
(55,'Prova_Esforco','2019-07-19 14:00',5.0,'Valores aceitáveis',5,31);
INSERT INTO ClinicaAltaPerformance.TesteClinico (idTesteClinico,designacao,dataHora,preco,resultado,idMedico,idAtleta) VALUES 
(56,'Prova_Esforco','2019-07-20 15:00',5.0,'Valores aceitáveis',5,32);

-- LISBOA : ANALISE SANGUINEA
INSERT INTO ClinicaAltaPerformance.TesteClinico (idTesteClinico,designacao,dataHora,preco,resultado,idMedico,idAtleta) VALUES 
(57,'Analise_sanguinea','2019-08-16 10:30',5.0,'Valores aceitáveis',2,9);
INSERT INTO ClinicaAltaPerformance.TesteClinico (idTesteClinico,designacao,dataHora,preco,resultado,idMedico,idAtleta) VALUES 
(58,'Analise_sanguinea','2019-08-16 11:30',5.0,'Valores aceitáveis',3,11);
INSERT INTO ClinicaAltaPerformance.TesteClinico (idTesteClinico,designacao,dataHora,preco,resultado,idMedico,idAtleta) VALUES 
(59,'Analise_sanguinea','2019-08-16 12:30',5.0,'Valores aceitáveis',2,14);
INSERT INTO ClinicaAltaPerformance.TesteClinico (idTesteClinico,designacao,dataHora,preco,resultado,idMedico,idAtleta) VALUES 
(60,'Analise_sanguinea','2019-08-16 13:00',5.0,'Valores a controlar',3,15);
INSERT INTO ClinicaAltaPerformance.TesteClinico (idTesteClinico,designacao,dataHora,preco,resultado,idMedico,idAtleta) VALUES 
(61,'Analise_sanguinea','2019-08-17 12:00',5.0,'Valores a controlar',3,25);
INSERT INTO ClinicaAltaPerformance.TesteClinico (idTesteClinico,designacao,dataHora,preco,resultado,idMedico,idAtleta) VALUES 
(62,'Analise_sanguinea','2019-08-17 13:00',5.0,'Valores aceitáveis',2,27);
INSERT INTO ClinicaAltaPerformance.TesteClinico (idTesteClinico,designacao,dataHora,preco,resultado,idMedico,idAtleta) VALUES 
(63,'Analise_sanguinea','2019-08-17 14:00',5.0,'Valores a controlar',3,28);
INSERT INTO ClinicaAltaPerformance.TesteClinico (idTesteClinico,designacao,dataHora,preco,resultado,idMedico,idAtleta) VALUES 
(64,'Analise_sanguinea','2019-08-18 13:00',5.0,'Valores aceitáveis',3,30);
INSERT INTO ClinicaAltaPerformance.TesteClinico (idTesteClinico,designacao,dataHora,preco,resultado,idMedico,idAtleta) VALUES 
(65,'Analise_sanguinea','2019-08-19 14:00',5.0,'Valores aceitáveis',2,31);
INSERT INTO ClinicaAltaPerformance.TesteClinico (idTesteClinico,designacao,dataHora,preco,resultado,idMedico,idAtleta) VALUES 
(66,'Analise_sanguinea','2019-08-20 15:00',5.0,'Valores aceitáveis',2,32);

-- PORTO :PROVA ESFORCO 
INSERT INTO ClinicaAltaPerformance.TesteClinico (idTesteClinico,designacao,dataHora,preco,resultado,idMedico,idAtleta) VALUES 
(67,'Prova_Esforco','2019-09-20 10:30',5.0,'Valores aceitáveis',15,10);
INSERT INTO ClinicaAltaPerformance.TesteClinico (idTesteClinico,designacao,dataHora,preco,resultado,idMedico,idAtleta) VALUES 
(68,'Prova_Esforco','2019-09-20 11:30',5.0,'Valores a controlar',15,12);
INSERT INTO ClinicaAltaPerformance.TesteClinico (idTesteClinico,designacao,dataHora,preco,resultado,idMedico,idAtleta) VALUES 
(69,'Prova_Esforco','2019-09-20 12:30',5.0,'Valores aceitáveis',15,16);

-- PORTO :ANALISE SANGUINEA
INSERT INTO ClinicaAltaPerformance.TesteClinico (idTesteClinico,designacao,dataHora,preco,resultado,idMedico,idAtleta) VALUES 
(70,'Analise_sanguinea','2019-09-20 10:00',5.0,'Valores aceitáveis',12,10);
INSERT INTO ClinicaAltaPerformance.TesteClinico (idTesteClinico,designacao,dataHora,preco,resultado,idMedico,idAtleta) VALUES 
(71,'Analise_sanguinea','2019-09-20 11:00',5.0,'Valores aceitáveis',12,12);
INSERT INTO ClinicaAltaPerformance.TesteClinico (idTesteClinico,designacao,dataHora,preco,resultado,idMedico,idAtleta) VALUES 
(72,'Analise_sanguinea','2019-09-20 12:00',5.0,'Valores aceitáveis',13,16);

-- TESTES AGENDADOS
-- PORTO
INSERT INTO ClinicaAltaPerformance.TesteClinico (idTesteClinico,designacao,dataHora,preco,resultado,idMedico,idAtleta) VALUES 
(73,'Eletrocardiograma','2020-04-16 10:30',10.0,'N\d',11,19);
INSERT INTO ClinicaAltaPerformance.TesteClinico (idTesteClinico,designacao,dataHora,preco,resultado,idMedico,idAtleta) VALUES 
(74,'Raio_X','2020-04-16 11:30',25.0,'N\d',11,19);
INSERT INTO ClinicaAltaPerformance.TesteClinico (idTesteClinico,designacao,dataHora,preco,resultado,idMedico,idAtleta) VALUES 
(75,'Ecocardiograma','2020-04-16 09:30',25.0,'N\d',11,19);
INSERT INTO ClinicaAltaPerformance.TesteClinico (idTesteClinico,designacao,dataHora,preco,resultado,idMedico,idAtleta) VALUES 
(76,'Eletrocardiograma','2020-04-17 10:30',10.0,'N\d',11,24);
INSERT INTO ClinicaAltaPerformance.TesteClinico (idTesteClinico,designacao,dataHora,preco,resultado,idMedico,idAtleta) VALUES 
(77,'Raio_X','2020-04-17 11:30',25.0,'N\d',11,24);
INSERT INTO ClinicaAltaPerformance.TesteClinico (idTesteClinico,designacao,dataHora,preco,resultado,idMedico,idAtleta) VALUES 
(78,'Ecocardiograma','2020-04-17 09:30',25.0,'N\d',11,24);
INSERT INTO ClinicaAltaPerformance.TesteClinico (idTesteClinico,designacao,dataHora,preco,resultado,idMedico,idAtleta) VALUES 
(79,'Óptica','2020-04-18 09:30',15.0,'N\d',14,24);
INSERT INTO ClinicaAltaPerformance.TesteClinico (idTesteClinico,designacao,dataHora,preco,resultado,idMedico,idAtleta) VALUES 
(80,'Analise_sanguinea','2020-04-16 12:30',5.0,'N\d',12,4);
INSERT INTO ClinicaAltaPerformance.TesteClinico (idTesteClinico,designacao,dataHora,preco,resultado,idMedico,idAtleta) VALUES 
(81,'Prova_Esforco','2020-04-16 11:30',5.0,'N\d',15,4);

-- BRAGA
INSERT INTO ClinicaAltaPerformance.TesteClinico (idTesteClinico,designacao,dataHora,preco,resultado,idMedico,idAtleta) VALUES 
(82,'Eletrocardiograma','2020-04-16 10:30',10.0,'N\d',6,29);
INSERT INTO ClinicaAltaPerformance.TesteClinico (idTesteClinico,designacao,dataHora,preco,resultado,idMedico,idAtleta) VALUES 
(83,'Raio_X','2020-04-16 11:30',25.0,'N\d',6,29);
INSERT INTO ClinicaAltaPerformance.TesteClinico (idTesteClinico,designacao,dataHora,preco,resultado,idMedico,idAtleta) VALUES 
(84,'Ecocardiograma','2020-04-16 09:30',25.0,'N\d',6,29);
INSERT INTO ClinicaAltaPerformance.TesteClinico (idTesteClinico,designacao,dataHora,preco,resultado,idMedico,idAtleta) VALUES 
(85,'Eletrocardiograma','2020-04-17 10:30',10.0,'N\d',6,35);
INSERT INTO ClinicaAltaPerformance.TesteClinico (idTesteClinico,designacao,dataHora,preco,resultado,idMedico,idAtleta) VALUES 
(86,'Raio_X','2020-04-17 11:30',25.0,'N\d',6,35);
INSERT INTO ClinicaAltaPerformance.TesteClinico (idTesteClinico,designacao,dataHora,preco,resultado,idMedico,idAtleta) VALUES 
(87,'Ecocardiograma','2020-04-17 09:30',25.0,'N\d',6,35);
INSERT INTO ClinicaAltaPerformance.TesteClinico (idTesteClinico,designacao,dataHora,preco,resultado,idMedico,idAtleta) VALUES 
(88,'Óptica','2020-04-18 09:30',15.0,'N\d',9,35);
INSERT INTO ClinicaAltaPerformance.TesteClinico (idTesteClinico,designacao,dataHora,preco,resultado,idMedico,idAtleta) VALUES 
(89,'Analise_sanguinea','2020-04-16 16:30',5.0,'N\d',8,29);
INSERT INTO ClinicaAltaPerformance.TesteClinico (idTesteClinico,designacao,dataHora,preco,resultado,idMedico,idAtleta) VALUES 
(90,'Prova_Esforco','2020-04-16 17:30',5.0,'N\d',10,29);

-- LISBOA
INSERT INTO ClinicaAltaPerformance.TesteClinico (idTesteClinico,designacao,dataHora,preco,resultado,idMedico,idAtleta) VALUES 
(91,'Eletrocardiograma','2020-04-16 10:30',10.0,'N\d',1,15);
INSERT INTO ClinicaAltaPerformance.TesteClinico (idTesteClinico,designacao,dataHora,preco,resultado,idMedico,idAtleta) VALUES 
(92,'Raio_X','2020-04-16 11:30',25.0,'N\d',1,15);
INSERT INTO ClinicaAltaPerformance.TesteClinico (idTesteClinico,designacao,dataHora,preco,resultado,idMedico,idAtleta) VALUES 
(93,'Ecocardiograma','2020-04-16 09:30',25.0,'N\d',1,15);
INSERT INTO ClinicaAltaPerformance.TesteClinico (idTesteClinico,designacao,dataHora,preco,resultado,idMedico,idAtleta) VALUES 
(94,'Eletrocardiograma','2020-04-17 10:30',10.0,'N\d',1,3);
INSERT INTO ClinicaAltaPerformance.TesteClinico (idTesteClinico,designacao,dataHora,preco,resultado,idMedico,idAtleta) VALUES 
(95,'Raio_X','2020-04-17 11:30',25.0,'N\d',1,3);
INSERT INTO ClinicaAltaPerformance.TesteClinico (idTesteClinico,designacao,dataHora,preco,resultado,idMedico,idAtleta) VALUES 
(96,'Ecocardiograma','2020-04-17 09:30',25.0,'N\d',1,3);
INSERT INTO ClinicaAltaPerformance.TesteClinico (idTesteClinico,designacao,dataHora,preco,resultado,idMedico,idAtleta) VALUES 
(97,'Óptica','2020-04-18 09:30',15.0,'N\d',4,3);
INSERT INTO ClinicaAltaPerformance.TesteClinico (idTesteClinico,designacao,dataHora,preco,resultado,idMedico,idAtleta) VALUES 
(98,'Analise_sanguinea','2020-04-16 16:30',5.0,'N\d',2,27);
INSERT INTO ClinicaAltaPerformance.TesteClinico (idTesteClinico,designacao,dataHora,preco,resultado,idMedico,idAtleta) VALUES 
(99,'Prova_Esforco','2020-04-16 17:30',5.0,'N\d',5,27);


-- POVOAR PROVAS
INSERT INTO ClinicaAltaPerformance.Prova(idProva,designacao,modalidade,categoria) VALUES(1,'Velocidade', 'Atletismo','Menores_18');
INSERT INTO ClinicaAltaPerformance.Prova(idProva,designacao,modalidade,categoria) VALUES(2,'Bareiras', 'Atletismo','Menores_18');
INSERT INTO ClinicaAltaPerformance.Prova(idProva,designacao,modalidade,categoria) VALUES(3,'Lancamento Disco', 'Atletismo','Menores_18');
INSERT INTO ClinicaAltaPerformance.Prova(idProva,designacao,modalidade,categoria) VALUES(4,'Salto em Comprimento', 'Atletismo','Menores_18');
INSERT INTO ClinicaAltaPerformance.Prova(idProva,designacao,modalidade,categoria) VALUES(5,'Estafetas', 'Atletismo','Menores_18');
INSERT INTO ClinicaAltaPerformance.Prova(idProva,designacao,modalidade,categoria) VALUES(6,'Triatlo', 'Atletismo','Menores_18');
INSERT INTO ClinicaAltaPerformance.Prova(idProva,designacao,modalidade,categoria) VALUES(7,'Velocidade', 'Atletismo','Entre_18_24');
INSERT INTO ClinicaAltaPerformance.Prova(idProva,designacao,modalidade,categoria) VALUES(8,'Bareiras', 'Atletismo','Entre_18_24');
INSERT INTO ClinicaAltaPerformance.Prova(idProva,designacao,modalidade,categoria) VALUES(9,'Lancamento Disco', 'Atletismo','Entre_18_24');
INSERT INTO ClinicaAltaPerformance.Prova(idProva,designacao,modalidade,categoria) VALUES(10,'Salto em Comprimento', 'Atletismo','Entre_18_24');
INSERT INTO ClinicaAltaPerformance.Prova(idProva,designacao,modalidade,categoria) VALUES(11,'Estafetas', 'Atletismo','Entre_18_24');
INSERT INTO ClinicaAltaPerformance.Prova(idProva,designacao,modalidade,categoria) VALUES(12,'Triatlo', 'Atletismo','Entre_18_24');
INSERT INTO ClinicaAltaPerformance.Prova(idProva,designacao,modalidade,categoria) VALUES(13,'Velocidade', 'Atletismo','Maiores_24');
INSERT INTO ClinicaAltaPerformance.Prova(idProva,designacao,modalidade,categoria) VALUES(14,'Bareiras', 'Atletismo','Maiores_24');
INSERT INTO ClinicaAltaPerformance.Prova(idProva,designacao,modalidade,categoria) VALUES(15,'Lancamento Disco', 'Atletismo','Maiores_24');
INSERT INTO ClinicaAltaPerformance.Prova(idProva,designacao,modalidade,categoria) VALUES(16,'Salto em Comprimento', 'Atletismo','Maiores_24');
INSERT INTO ClinicaAltaPerformance.Prova(idProva,designacao,modalidade,categoria) VALUES(17,'Triatlo', 'Atletismo','Maiores_24');
INSERT INTO ClinicaAltaPerformance.Prova(idProva,designacao,modalidade,categoria) VALUES(18,'Estafetas', 'Atletismo','Maiores_24');
INSERT INTO ClinicaAltaPerformance.Prova(idProva,designacao,modalidade,categoria) VALUES(19,'Ciclismo', 'Ciclismo','Menores_18');
INSERT INTO ClinicaAltaPerformance.Prova(idProva,designacao,modalidade,categoria) VALUES(21,'Ciclismo', 'Ciclismo','Entre_18_24');
INSERT INTO ClinicaAltaPerformance.Prova(idProva,designacao,modalidade,categoria) VALUES(22,'Ciclismo', 'Ciclismo','Maiores_24');
INSERT INTO ClinicaAltaPerformance.Prova(idProva,designacao,modalidade,categoria) VALUES(23,'Polo Aquatico', 'Natacao','Menores_18');
INSERT INTO ClinicaAltaPerformance.Prova(idProva,designacao,modalidade,categoria) VALUES(24,'Sincronizada', 'Natacao','Menores_18');
INSERT INTO ClinicaAltaPerformance.Prova(idProva,designacao,modalidade,categoria) VALUES(25,'Mergulho', 'Natacao','Menores_18');
INSERT INTO ClinicaAltaPerformance.Prova(idProva,designacao,modalidade,categoria) VALUES(26,'Polo Aquatico', 'Natacao','Entre_18_24');
INSERT INTO ClinicaAltaPerformance.Prova(idProva,designacao,modalidade,categoria) VALUES(27,'Sincronizada', 'Natacao','Entre_18_24');
INSERT INTO ClinicaAltaPerformance.Prova(idProva,designacao,modalidade,categoria) VALUES(28,'Mergulho', 'Natacao','Entre_18_24');
INSERT INTO ClinicaAltaPerformance.Prova(idProva,designacao,modalidade,categoria) VALUES(29,'Polo Aquatico', 'Natacao','Maiores_24');
INSERT INTO ClinicaAltaPerformance.Prova(idProva,designacao,modalidade,categoria) VALUES(30,'Sincronizada', 'Natacao','Maiores_24');
INSERT INTO ClinicaAltaPerformance.Prova(idProva,designacao,modalidade,categoria) VALUES(31,'Mergulho', 'Natacao','Maiores_24');
INSERT INTO ClinicaAltaPerformance.Prova(idProva,designacao,modalidade,categoria) VALUES(32,'Artistica', 'Ginastica','Menores_18');
INSERT INTO ClinicaAltaPerformance.Prova(idProva,designacao,modalidade,categoria) VALUES(33,'Ritmica', 'Ginastica','Menores_18');
INSERT INTO ClinicaAltaPerformance.Prova(idProva,designacao,modalidade,categoria) VALUES(34,'Trampolim Acrobatico', 'Ginastica','Menores_18');
INSERT INTO ClinicaAltaPerformance.Prova(idProva,designacao,modalidade,categoria) VALUES(35,'Artistica', 'Ginastica','Entre_18_24');
INSERT INTO ClinicaAltaPerformance.Prova(idProva,designacao,modalidade,categoria) VALUES(36,'Ritmica', 'Ginastica','Entre_18_24');
INSERT INTO ClinicaAltaPerformance.Prova(idProva,designacao,modalidade,categoria) VALUES(37,'Trampolim Acrobatico', 'Ginastica','Entre_18_24');
INSERT INTO ClinicaAltaPerformance.Prova(idProva,designacao,modalidade,categoria) VALUES(38,'Artistica', 'Ginastica','Maiores_24');
INSERT INTO ClinicaAltaPerformance.Prova(idProva,designacao,modalidade,categoria) VALUES(39,'Ritmica', 'Ginastica','Maiores_24');
INSERT INTO ClinicaAltaPerformance.Prova(idProva,designacao,modalidade,categoria) VALUES(40,'Trampolim Acrobatico', 'Ginastica','Maiores_24');

-- POVOAR ATLETA_PROVA COM AS DATAS DAS PROVAS REALIZADAS
INSERT INTO ClinicaAltaPerformance.Atleta_Prova (id_Atleta,id_Prova,data) VALUES (1,38,'2019-09-15');
INSERT INTO ClinicaAltaPerformance.Atleta_Prova (id_Atleta,id_Prova,data) VALUES (1,39,'2019-09-15');
INSERT INTO ClinicaAltaPerformance.Atleta_Prova (id_Atleta,id_Prova,data) VALUES (1,40,'2019-09-15');
INSERT INTO ClinicaAltaPerformance.Atleta_Prova (id_Atleta,id_Prova,data) VALUES (2,26,'2019-09-15');
INSERT INTO ClinicaAltaPerformance.Atleta_Prova (id_Atleta,id_Prova,data) VALUES (3,26,'2019-09-15');
INSERT INTO ClinicaAltaPerformance.Atleta_Prova (id_Atleta,id_Prova,data) VALUES (4,27,'2019-09-15');
INSERT INTO ClinicaAltaPerformance.Atleta_Prova (id_Atleta,id_Prova,data) VALUES (5,27,'2019-09-15');
INSERT INTO ClinicaAltaPerformance.Atleta_Prova (id_Atleta,id_Prova,data) VALUES (6,32,'2019-12-31');
INSERT INTO ClinicaAltaPerformance.Atleta_Prova (id_Atleta,id_Prova,data) VALUES (6,33,'2019-12-31');
INSERT INTO ClinicaAltaPerformance.Atleta_Prova (id_Atleta,id_Prova,data) VALUES (6,34,'2019-12-31');
INSERT INTO ClinicaAltaPerformance.Atleta_Prova (id_Atleta,id_Prova,data) VALUES (7,13,'2019-12-31');
INSERT INTO ClinicaAltaPerformance.Atleta_Prova (id_Atleta,id_Prova,data) VALUES (8,21,'2019-12-31');
INSERT INTO ClinicaAltaPerformance.Atleta_Prova (id_Atleta,id_Prova,data) VALUES (9,7,'2019-12-31');
INSERT INTO ClinicaAltaPerformance.Atleta_Prova (id_Atleta,id_Prova,data) VALUES (10,8,'2019-12-31');
INSERT INTO ClinicaAltaPerformance.Atleta_Prova (id_Atleta,id_Prova,data) VALUES (11,9,'2019-09-15');
INSERT INTO ClinicaAltaPerformance.Atleta_Prova (id_Atleta,id_Prova,data) VALUES (12,9,'2019-09-15');
INSERT INTO ClinicaAltaPerformance.Atleta_Prova (id_Atleta,id_Prova,data) VALUES (13,13,'2019-09-15');
INSERT INTO ClinicaAltaPerformance.Atleta_Prova (id_Atleta,id_Prova,data) VALUES (14,13,'2019-09-15');
INSERT INTO ClinicaAltaPerformance.Atleta_Prova (id_Atleta,id_Prova,data) VALUES (15,2,'2019-12-31');
INSERT INTO ClinicaAltaPerformance.Atleta_Prova (id_Atleta,id_Prova,data) VALUES (16,11,'2019-12-31');
INSERT INTO ClinicaAltaPerformance.Atleta_Prova (id_Atleta,id_Prova,data) VALUES (17,29,'2019-12-31');
INSERT INTO ClinicaAltaPerformance.Atleta_Prova (id_Atleta,id_Prova,data) VALUES (17,30,'2019-12-31');
INSERT INTO ClinicaAltaPerformance.Atleta_Prova (id_Atleta,id_Prova,data) VALUES (17,31,'2019-12-31');
INSERT INTO ClinicaAltaPerformance.Atleta_Prova (id_Atleta,id_Prova,data) VALUES (18,17,'2019-12-31');
INSERT INTO ClinicaAltaPerformance.Atleta_Prova (id_Atleta,id_Prova,data) VALUES (19,38,'2019-12-31');
INSERT INTO ClinicaAltaPerformance.Atleta_Prova (id_Atleta,id_Prova,data) VALUES (19,39,'2019-12-31');
INSERT INTO ClinicaAltaPerformance.Atleta_Prova (id_Atleta,id_Prova,data) VALUES (19,40,'2019-12-31');
INSERT INTO ClinicaAltaPerformance.Atleta_Prova (id_Atleta,id_Prova,data) VALUES (20,6,'2019-12-31');
INSERT INTO ClinicaAltaPerformance.Atleta_Prova (id_Atleta,id_Prova,data) VALUES (21,26,'2019-09-15');
INSERT INTO ClinicaAltaPerformance.Atleta_Prova (id_Atleta,id_Prova,data) VALUES (22,27,'2019-09-15');
INSERT INTO ClinicaAltaPerformance.Atleta_Prova (id_Atleta,id_Prova,data) VALUES (23,28,'2019-09-15');
INSERT INTO ClinicaAltaPerformance.Atleta_Prova (id_Atleta,id_Prova,data) VALUES (24,31,'2019-09-15');
INSERT INTO ClinicaAltaPerformance.Atleta_Prova (id_Atleta,id_Prova,data) VALUES (25,5,'2019-12-31');
INSERT INTO ClinicaAltaPerformance.Atleta_Prova (id_Atleta,id_Prova,data) VALUES (26,4,'2019-12-31');
INSERT INTO ClinicaAltaPerformance.Atleta_Prova (id_Atleta,id_Prova,data) VALUES (27,12,'2019-12-31');
INSERT INTO ClinicaAltaPerformance.Atleta_Prova (id_Atleta,id_Prova,data) VALUES (28,4,'2019-12-31');
INSERT INTO ClinicaAltaPerformance.Atleta_Prova (id_Atleta,id_Prova,data) VALUES (29,14,'2019-12-31');
INSERT INTO ClinicaAltaPerformance.Atleta_Prova (id_Atleta,id_Prova,data) VALUES (30,16,'2019-09-15');
INSERT INTO ClinicaAltaPerformance.Atleta_Prova (id_Atleta,id_Prova,data) VALUES (31,7,'2019-12-31');
INSERT INTO ClinicaAltaPerformance.Atleta_Prova (id_Atleta,id_Prova,data) VALUES (32,7,'2019-12-31');
INSERT INTO ClinicaAltaPerformance.Atleta_Prova (id_Atleta,id_Prova,data) VALUES (33,22,'2019-12-31');
INSERT INTO ClinicaAltaPerformance.Atleta_Prova (id_Atleta,id_Prova,data) VALUES (34,28,'2019-12-31');
INSERT INTO ClinicaAltaPerformance.Atleta_Prova (id_Atleta,id_Prova,data) VALUES (35,26,'2019-12-31');
INSERT INTO ClinicaAltaPerformance.Atleta_Prova (id_Atleta,id_Prova,data) VALUES (35,27,'2019-12-31');
INSERT INTO ClinicaAltaPerformance.Atleta_Prova (id_Atleta,id_Prova,data) VALUES (35,28,'2019-12-31');



-- PROVAS QUE REQUEREM TESTE DE DOPPING
INSERT INTO ClinicaAltaPerformance.Prova_TipoTeste (idProva, designacao) VALUES (9,'Dopping');
INSERT INTO ClinicaAltaPerformance.Prova_TipoTeste (idProva, designacao) VALUES (11,'Dopping');
INSERT INTO ClinicaAltaPerformance.Prova_TipoTeste (idProva, designacao) VALUES (13,'Dopping');
INSERT INTO ClinicaAltaPerformance.Prova_TipoTeste (idProva, designacao) VALUES (14,'Dopping');
INSERT INTO ClinicaAltaPerformance.Prova_TipoTeste (idProva, designacao) VALUES (21,'Dopping');
INSERT INTO ClinicaAltaPerformance.Prova_TipoTeste (idProva, designacao) VALUES (26,'Dopping');
INSERT INTO ClinicaAltaPerformance.Prova_TipoTeste (idProva, designacao) VALUES (27,'Dopping');
INSERT INTO ClinicaAltaPerformance.Prova_TipoTeste (idProva, designacao) VALUES (32,'Dopping');
INSERT INTO ClinicaAltaPerformance.Prova_TipoTeste (idProva, designacao) VALUES (38,'Dopping');
INSERT INTO ClinicaAltaPerformance.Prova_TipoTeste (idProva, designacao) VALUES (39,'Dopping');
INSERT INTO ClinicaAltaPerformance.Prova_TipoTeste (idProva, designacao) VALUES (40,'Dopping');

-- TODAS AS PROVAS DE ATLETISMO REQUEREM TESTE DE ESFORCO E ANALISE SANGUINEAS
INSERT INTO ClinicaAltaPerformance.Prova_TipoTeste (idProva, designacao) VALUES (1,'Prova_Esforco');
INSERT INTO ClinicaAltaPerformance.Prova_TipoTeste (idProva, designacao) VALUES (1,'Analise_sanguinea');
INSERT INTO ClinicaAltaPerformance.Prova_TipoTeste (idProva, designacao) VALUES (2,'Prova_Esforco');
INSERT INTO ClinicaAltaPerformance.Prova_TipoTeste (idProva, designacao) VALUES (2,'Analise_sanguinea');
INSERT INTO ClinicaAltaPerformance.Prova_TipoTeste (idProva, designacao) VALUES (3,'Prova_Esforco');
INSERT INTO ClinicaAltaPerformance.Prova_TipoTeste (idProva, designacao) VALUES (3,'Analise_sanguinea');
INSERT INTO ClinicaAltaPerformance.Prova_TipoTeste (idProva, designacao) VALUES (4,'Prova_Esforco');
INSERT INTO ClinicaAltaPerformance.Prova_TipoTeste (idProva, designacao) VALUES (4,'Analise_sanguinea');
INSERT INTO ClinicaAltaPerformance.Prova_TipoTeste (idProva, designacao) VALUES (5,'Prova_Esforco');
INSERT INTO ClinicaAltaPerformance.Prova_TipoTeste (idProva, designacao) VALUES (5,'Analise_sanguinea');
INSERT INTO ClinicaAltaPerformance.Prova_TipoTeste (idProva, designacao) VALUES (6,'Prova_Esforco');
INSERT INTO ClinicaAltaPerformance.Prova_TipoTeste (idProva, designacao) VALUES (6,'Analise_sanguinea');
INSERT INTO ClinicaAltaPerformance.Prova_TipoTeste (idProva, designacao) VALUES (7,'Prova_Esforco');
INSERT INTO ClinicaAltaPerformance.Prova_TipoTeste (idProva, designacao) VALUES (7,'Analise_sanguinea');
INSERT INTO ClinicaAltaPerformance.Prova_TipoTeste (idProva, designacao) VALUES (8,'Prova_Esforco');
INSERT INTO ClinicaAltaPerformance.Prova_TipoTeste (idProva, designacao) VALUES (8,'Analise_sanguinea');
INSERT INTO ClinicaAltaPerformance.Prova_TipoTeste (idProva, designacao) VALUES (9,'Prova_Esforco');
INSERT INTO ClinicaAltaPerformance.Prova_TipoTeste (idProva, designacao) VALUES (9,'Analise_sanguinea');
INSERT INTO ClinicaAltaPerformance.Prova_TipoTeste (idProva, designacao) VALUES (10,'Prova_Esforco');
INSERT INTO ClinicaAltaPerformance.Prova_TipoTeste (idProva, designacao) VALUES (10,'Analise_sanguinea');
INSERT INTO ClinicaAltaPerformance.Prova_TipoTeste (idProva, designacao) VALUES (11,'Prova_Esforco');
INSERT INTO ClinicaAltaPerformance.Prova_TipoTeste (idProva, designacao) VALUES (11,'Analise_sanguinea');
INSERT INTO ClinicaAltaPerformance.Prova_TipoTeste (idProva, designacao) VALUES (12,'Prova_Esforco');
INSERT INTO ClinicaAltaPerformance.Prova_TipoTeste (idProva, designacao) VALUES (12,'Analise_sanguinea');
INSERT INTO ClinicaAltaPerformance.Prova_TipoTeste (idProva, designacao) VALUES (13,'Prova_Esforco');
INSERT INTO ClinicaAltaPerformance.Prova_TipoTeste (idProva, designacao) VALUES (13,'Analise_sanguinea');
INSERT INTO ClinicaAltaPerformance.Prova_TipoTeste (idProva, designacao) VALUES (14,'Prova_Esforco');
INSERT INTO ClinicaAltaPerformance.Prova_TipoTeste (idProva, designacao) VALUES (14,'Analise_sanguinea');
INSERT INTO ClinicaAltaPerformance.Prova_TipoTeste (idProva, designacao) VALUES (15,'Prova_Esforco');
INSERT INTO ClinicaAltaPerformance.Prova_TipoTeste (idProva, designacao) VALUES (15,'Analise_sanguinea');
INSERT INTO ClinicaAltaPerformance.Prova_TipoTeste (idProva, designacao) VALUES (16,'Prova_Esforco');
INSERT INTO ClinicaAltaPerformance.Prova_TipoTeste (idProva, designacao) VALUES (16,'Analise_sanguinea');






